fault,metric,value,split,target,source_path,구분
fault1,rf/precision,0.027692307692307693,test,5k fault vs >50k normal; IPW precision/F1; boundary 제외,artifacts/huang2018/metrics.json#/rf/fault1/precision,기존 저장값 (재계산 없음)
fault1,rf/recall,0.743801652892562,test,5k fault vs >50k normal; IPW precision/F1; boundary 제외,artifacts/huang2018/metrics.json#/rf/fault1/recall,기존 저장값 (재계산 없음)
fault1,rf/f1,0.05339661821417977,test,5k fault vs >50k normal; IPW precision/F1; boundary 제외,artifacts/huang2018/metrics.json#/rf/fault1/f1,기존 저장값 (재계산 없음)
fault1,rf/roc_auc,0.8301515410914486,test,5k fault vs >50k normal; IPW precision/F1; boundary 제외,artifacts/huang2018/metrics.json#/rf/fault1/roc_auc,기존 저장값 (재계산 없음)
fault1,rf/pr_auc,0.10580670852500026,test,5k fault vs >50k normal; IPW precision/F1; boundary 제외,artifacts/huang2018/metrics.json#/rf/fault1/pr_auc,기존 저장값 (재계산 없음)
fault1,rf/false_alarm_rate,0.2231638418079096,test,5k fault vs >50k normal; IPW precision/F1; boundary 제외,artifacts/huang2018/metrics.json#/rf/fault1/false_alarm_rate,기존 저장값 (재계산 없음)
fault1,rf/sampled_test_precision,0.7401315789473685,test,5k fault vs >50k normal; IPW precision/F1; boundary 제외,artifacts/huang2018/metrics.json#/rf/fault1/sampled_test_precision,기존 저장값 (재계산 없음)
fault1,rf/sampled_test_f1,0.7419620774938169,test,5k fault vs >50k normal; IPW precision/F1; boundary 제외,artifacts/huang2018/metrics.json#/rf/fault1/sampled_test_f1,기존 저장값 (재계산 없음)
fault1,lstm/test_intrinsic/rmse_seconds,780.1328062280998,test,failure-anchored sample-count RUL seconds,artifacts/huang2018/metrics.json#/lstm/fault1/test_intrinsic/rmse_seconds,기존 저장값 (재계산 없음)
fault1,lstm/test_intrinsic/smape_percent,8.372025244946537,test,failure-anchored sample-count RUL seconds,artifacts/huang2018/metrics.json#/lstm/fault1/test_intrinsic/smape_percent,기존 저장값 (재계산 없음)
fault1,lstm/test_intrinsic/mae_seconds,658.9787719978921,test,failure-anchored sample-count RUL seconds,artifacts/huang2018/metrics.json#/lstm/fault1/test_intrinsic/mae_seconds,기존 저장값 (재계산 없음)
fault1,combined/fault_detection_recall,0.75,test,causal RF gate 출력; alarm<=5k 추가 조건 없는 기존 지표,artifacts/huang2018/metrics.json#/combined/fault1/fault_detection_recall,기존 저장값 (재계산 없음)
fault1,combined/false_alarm_rate_normal,0.01762114537444934,test,causal RF gate 출력; alarm<=5k 추가 조건 없는 기존 지표,artifacts/huang2018/metrics.json#/combined/fault1/false_alarm_rate_normal,기존 저장값 (재계산 없음)
fault1,combined/boundary_detection_fraction,0.6949769258075967,test,causal RF gate 출력; alarm<=5k 추가 조건 없는 기존 지표,artifacts/huang2018/metrics.json#/combined/fault1/boundary_detection_fraction,기존 저장값 (재계산 없음)
fault1,combined/median_detection_lead_seconds_within_50000_band,23398.0,test,causal RF gate 출력; alarm<=5k 추가 조건 없는 기존 지표,artifacts/huang2018/metrics.json#/combined/fault1/median_detection_lead_seconds_within_50000_band,기존 저장값 (재계산 없음)
fault1,combined/rul_rmse_after_detection_seconds,1618.1687389761234,test,causal RF gate 출력; alarm<=5k 추가 조건 없는 기존 지표,artifacts/huang2018/metrics.json#/combined/fault1/rul_rmse_after_detection_seconds,기존 저장값 (재계산 없음)
fault1,combined/rul_smape_after_detection_percent,40.942614449630774,test,causal RF gate 출력; alarm<=5k 추가 조건 없는 기존 지표,artifacts/huang2018/metrics.json#/combined/fault1/rul_smape_after_detection_percent,기존 저장값 (재계산 없음)
fault1,combined/numerical_output_fraction,0.6931366167643017,test,causal RF gate 출력; alarm<=5k 추가 조건 없는 기존 지표,artifacts/huang2018/metrics.json#/combined/fault1/numerical_output_fraction,기존 저장값 (재계산 없음)
fault2,rf/precision,0.028957863707300156,test,5k fault vs >50k normal; IPW precision/F1; boundary 제외,artifacts/huang2018/metrics.json#/rf/fault2/precision,기존 저장값 (재계산 없음)
fault2,rf/recall,0.559463986599665,test,5k fault vs >50k normal; IPW precision/F1; boundary 제외,artifacts/huang2018/metrics.json#/rf/fault2/recall,기존 저장값 (재계산 없음)
fault2,rf/f1,0.055065534580825984,test,5k fault vs >50k normal; IPW precision/F1; boundary 제외,artifacts/huang2018/metrics.json#/rf/fault2/f1,기존 저장값 (재계산 없음)
fault2,rf/roc_auc,0.8369173193293797,test,5k fault vs >50k normal; IPW precision/F1; boundary 제외,artifacts/huang2018/metrics.json#/rf/fault2/roc_auc,기존 저장값 (재계산 없음)
fault2,rf/pr_auc,0.02727549383709441,test,5k fault vs >50k normal; IPW precision/F1; boundary 제외,artifacts/huang2018/metrics.json#/rf/fault2/pr_auc,기존 저장값 (재계산 없음)
fault2,rf/false_alarm_rate,0.08408408408408409,test,5k fault vs >50k normal; IPW precision/F1; boundary 제외,artifacts/huang2018/metrics.json#/rf/fault2/false_alarm_rate,기존 저장값 (재계산 없음)
fault2,rf/sampled_test_precision,0.7488789237668162,test,5k fault vs >50k normal; IPW precision/F1; boundary 제외,artifacts/huang2018/metrics.json#/rf/fault2/sampled_test_precision,기존 저장값 (재계산 없음)
fault2,rf/sampled_test_f1,0.6404602109300096,test,5k fault vs >50k normal; IPW precision/F1; boundary 제외,artifacts/huang2018/metrics.json#/rf/fault2/sampled_test_f1,기존 저장값 (재계산 없음)
fault2,lstm/test_intrinsic/rmse_seconds,1561.9557204674513,test,failure-anchored sample-count RUL seconds,artifacts/huang2018/metrics.json#/lstm/fault2/test_intrinsic/rmse_seconds,기존 저장값 (재계산 없음)
fault2,lstm/test_intrinsic/smape_percent,13.51669082433245,test,failure-anchored sample-count RUL seconds,artifacts/huang2018/metrics.json#/lstm/fault2/test_intrinsic/smape_percent,기존 저장값 (재계산 없음)
fault2,lstm/test_intrinsic/mae_seconds,1188.488710760496,test,failure-anchored sample-count RUL seconds,artifacts/huang2018/metrics.json#/lstm/fault2/test_intrinsic/mae_seconds,기존 저장값 (재계산 없음)
fault2,combined/fault_detection_recall,0.5667090216010165,test,causal RF gate 출력; alarm<=5k 추가 조건 없는 기존 지표,artifacts/huang2018/metrics.json#/combined/fault2/fault_detection_recall,기존 저장값 (재계산 없음)
fault2,combined/false_alarm_rate_normal,0.0,test,causal RF gate 출력; alarm<=5k 추가 조건 없는 기존 지표,artifacts/huang2018/metrics.json#/combined/fault2/false_alarm_rate_normal,기존 저장값 (재계산 없음)
fault2,combined/boundary_detection_fraction,0.43491422805247226,test,causal RF gate 출력; alarm<=5k 추가 조건 없는 기존 지표,artifacts/huang2018/metrics.json#/combined/fault2/boundary_detection_fraction,기존 저장값 (재계산 없음)
fault2,combined/median_detection_lead_seconds_within_50000_band,18148.0,test,causal RF gate 출력; alarm<=5k 추가 조건 없는 기존 지표,artifacts/huang2018/metrics.json#/combined/fault2/median_detection_lead_seconds_within_50000_band,기존 저장값 (재계산 없음)
fault2,combined/rul_rmse_after_detection_seconds,1354.529188889006,test,causal RF gate 출력; alarm<=5k 추가 조건 없는 기존 지표,artifacts/huang2018/metrics.json#/combined/fault2/rul_rmse_after_detection_seconds,기존 저장값 (재계산 없음)
fault2,combined/rul_smape_after_detection_percent,33.02524675297487,test,causal RF gate 출력; alarm<=5k 추가 조건 없는 기존 지표,artifacts/huang2018/metrics.json#/combined/fault2/rul_smape_after_detection_percent,기존 저장값 (재계산 없음)
fault2,combined/numerical_output_fraction,0.4294478527607362,test,causal RF gate 출력; alarm<=5k 추가 조건 없는 기존 지표,artifacts/huang2018/metrics.json#/combined/fault2/numerical_output_fraction,기존 저장값 (재계산 없음)
fault3,rf/precision,0.08835904628330996,test,5k fault vs >50k normal; IPW precision/F1; boundary 제외,artifacts/huang2018/metrics.json#/rf/fault3/precision,기존 저장값 (재계산 없음)
fault3,rf/recall,0.6631578947368421,test,5k fault vs >50k normal; IPW precision/F1; boundary 제외,artifacts/huang2018/metrics.json#/rf/fault3/recall,기존 저장값 (재계산 없음)
fault3,rf/f1,0.15594059405940594,test,5k fault vs >50k normal; IPW precision/F1; boundary 제외,artifacts/huang2018/metrics.json#/rf/fault3/f1,기존 저장값 (재계산 없음)
fault3,rf/roc_auc,0.9465304322258159,test,5k fault vs >50k normal; IPW precision/F1; boundary 제외,artifacts/huang2018/metrics.json#/rf/fault3/roc_auc,기존 저장값 (재계산 없음)
fault3,rf/pr_auc,0.47912665456144354,test,5k fault vs >50k normal; IPW precision/F1; boundary 제외,artifacts/huang2018/metrics.json#/rf/fault3/pr_auc,기존 저장값 (재계산 없음)
fault3,rf/false_alarm_rate,0.012104283054003724,test,5k fault vs >50k normal; IPW precision/F1; boundary 제외,artifacts/huang2018/metrics.json#/rf/fault3/false_alarm_rate,기존 저장값 (재계산 없음)
fault3,rf/sampled_test_precision,0.9064748201438849,test,5k fault vs >50k normal; IPW precision/F1; boundary 제외,artifacts/huang2018/metrics.json#/rf/fault3/sampled_test_precision,기존 저장값 (재계산 없음)
fault3,rf/sampled_test_f1,0.7659574468085106,test,5k fault vs >50k normal; IPW precision/F1; boundary 제외,artifacts/huang2018/metrics.json#/rf/fault3/sampled_test_f1,기존 저장값 (재계산 없음)
fault3,lstm/test_intrinsic/rmse_seconds,4045.8746470792,test,failure-anchored sample-count RUL seconds,artifacts/huang2018/metrics.json#/lstm/fault3/test_intrinsic/rmse_seconds,기존 저장값 (재계산 없음)
fault3,lstm/test_intrinsic/smape_percent,16.675149912459474,test,failure-anchored sample-count RUL seconds,artifacts/huang2018/metrics.json#/lstm/fault3/test_intrinsic/smape_percent,기존 저장값 (재계산 없음)
fault3,lstm/test_intrinsic/mae_seconds,2365.8572462158204,test,failure-anchored sample-count RUL seconds,artifacts/huang2018/metrics.json#/lstm/fault3/test_intrinsic/mae_seconds,기존 저장값 (재계산 없음)
fault3,combined/fault_detection_recall,0.6545064377682404,test,causal RF gate 출력; alarm<=5k 추가 조건 없는 기존 지표,artifacts/huang2018/metrics.json#/combined/fault3/fault_detection_recall,기존 저장값 (재계산 없음)
fault3,combined/false_alarm_rate_normal,0.0,test,causal RF gate 출력; alarm<=5k 추가 조건 없는 기존 지표,artifacts/huang2018/metrics.json#/combined/fault3/false_alarm_rate_normal,기존 저장값 (재계산 없음)
fault3,combined/boundary_detection_fraction,0.36009882643607166,test,causal RF gate 출력; alarm<=5k 추가 조건 없는 기존 지표,artifacts/huang2018/metrics.json#/combined/fault3/boundary_detection_fraction,기존 저장값 (재계산 없음)
fault3,combined/median_detection_lead_seconds_within_50000_band,19843.0,test,causal RF gate 출력; alarm<=5k 추가 조건 없는 기존 지표,artifacts/huang2018/metrics.json#/combined/fault3/median_detection_lead_seconds_within_50000_band,기존 저장값 (재계산 없음)
fault3,combined/rul_rmse_after_detection_seconds,1695.9175018791682,test,causal RF gate 출력; alarm<=5k 추가 조건 없는 기존 지표,artifacts/huang2018/metrics.json#/combined/fault3/rul_rmse_after_detection_seconds,기존 저장값 (재계산 없음)
fault3,combined/rul_smape_after_detection_percent,33.45793159345774,test,causal RF gate 출력; alarm<=5k 추가 조건 없는 기존 지표,artifacts/huang2018/metrics.json#/combined/fault3/rul_smape_after_detection_percent,기존 저장값 (재계산 없음)
fault3,combined/numerical_output_fraction,0.3675496688741722,test,causal RF gate 출력; alarm<=5k 추가 조건 없는 기존 지표,artifacts/huang2018/metrics.json#/combined/fault3/numerical_output_fraction,기존 저장값 (재계산 없음)
all,04b R²,,test,04b RUL,artifacts/huang2018/metrics.json,저장된 지표 없음 (old_04 R²는 04b가 아님)
